ED_LV,ES_LV,ED_RV,ES_RV,ED_MYO,ES_MYO,EF_LV,EF_RV,ED_LV_RV,ES_LV_RV,ED_MYO_LV,ES_MYO_LV,ES_MWT_max_mean,ES_MWT_std_mean,ES_MWT_mean_std,ES_MWT_std_std,ED_MWT_max_mean,ED_MWT_std_mean,ED_MWT_mean_std,ED_MWT_std_std,height,weight,pid,group
295.5078125,225.6103515625,139.7216796875,59.5458984375,164.2578125,195.068359375,0.2365333773959022,0.5738249170015726,2.1149746636379523,3.7888478884788848,0.5558493060145406,0.8646250405800238,10.728018818751888,0.7227893426433374,1.500691282481506,0.5214628768647437,8.373337396780942,0.930891807548281,1.1557059074734708,0.22663525018240832,184.0,95.0,1,DCM
265.74440002441406,188.30337524414062,94.43206787109375,28.823089599609375,160.43357849121094,192.56515502929688,0.29141169023000635,0.6947743467933492,2.8141330166270784,6.533073929961089,0.6037138636843216,1.02263251935676,13.017210602171392,1.5580863202252901,1.9945569241891508,0.8525063368156464,8.753109283056103,1.1377334079162211,1.7488042913998512,0.44736921791495027,160.0,70.0,2,DCM
276.708984375,241.0888671875,192.333984375,174.5849609375,191.845703125,201.07421875,0.12872772189871184,0.09228230515359229,1.4386900228484387,1.3809257446510979,0.6933121581083466,0.8340253164556962,10.33549464747064,0.7900968797274719,1.9953865315169885,0.8200540483389114,9.861483647744398,0.7051349196464708,1.534273750936867,0.568667162589298,165.0,77.0,3,DCM
260.8470916748047,226.47247314453125,106.26411437988281,84.54399108886719,168.45245361328125,174.957275390625,0.13178072375492655,0.2043975373790677,2.4547053649956023,2.6787530400176873,0.645790039412397,0.7725321888412017,9.996515955689604,1.082355946009882,1.8507132602104381,0.5799728576836078,8.886947830455682,1.309615464394173,1.2189075915915022,0.11410832709674788,159.0,46.0,4,DCM
290.797119140625,224.0947265625,170.4638671875,74.55322265625,201.392578125,232.261962890625,0.22937776266575993,0.5626450116009281,1.7059164733178653,3.0058355437665782,0.6925535532131928,1.0364454641722556,12.867319307966973,1.9373439374605652,1.9688715408469677,0.7231722824053597,10.084796405359592,1.274693770913721,1.4466495620990403,0.20265094007842352,165.0,77.0,5,DCM
331.7939758300781,284.14764404296875,256.61659240722656,161.5711212158203,192.5628662109375,180.38864135742188,0.14360216055131308,0.3703792895845876,1.2929560505719446,1.7586536622681201,0.5803687837586142,0.6348412353197043,9.223384725005063,1.018301188867694,1.7238358938194605,0.6620161991710733,9.53982526851886,1.0857812660170238,1.428987498053651,0.4179386536037252,180.0,70.0,6,DCM
309.7265625,277.27734375,294.29296875,213.99609375,183.69140625,183.97265625,0.10476730987514188,0.2728467327678891,1.0524429578306056,1.2957121734844752,0.5930760499432464,0.6634968936224166,9.62998930244517,0.894090686795759,2.1022626159233804,0.6462345187986129,9.486709574264113,0.9397172905793162,1.7473159183156013,0.4297203838333665,173.0,107.0,7,DCM
284.228515625,235.986328125,163.57421875,85.4248046875,158.3251953125,182.8857421875,0.16973028689228656,0.47776119402985073,1.7376119402985075,2.7625035724492712,0.5570348737330355,0.7749844816883923,10.224508851104597,1.0632221465123453,1.9327775376696128,0.6330053604293455,7.980594106867108,0.7402016873714399,1.519194077612813,0.2630789760952626,180.0,100.0,8,DCM
265.24068992614747,225.52000873565675,82.78724564361572,61.96426265716553,188.13583820343018,208.1550615234375,0.14975334742776603,0.2515240460600587,3.2038834951456314,3.6395173453996983,0.7093023255813954,0.9230004144218814,10.755204167536187,1.138358903378995,1.7957908684971202,0.42425623987756605,9.506255725019903,1.255417152759271,1.6506593451793197,0.4799417274205937,153.0,61.0,9,DCM
297.94921875,265.8935546875,261.7919921875,198.486328125,164.306640625,160.44921875,0.10758767617174697,0.24181665578662687,1.1381143336752775,1.3396063960639606,0.5514585381842019,0.6034340280965935,8.66518930625739,0.7985019058209437,1.6094136024020904,0.4187780760865918,8.94626067471044,1.2688407347505979,1.5189462629484234,0.2438773495505446,170.0,68.0,10,DCM
237.01801881027222,207.84521441268922,156.88094207763672,131.4538905105591,132.68778556060792,137.09455359649658,0.12308264385981221,0.1620786516853932,1.510814606741573,1.581126382836071,0.559821511573859,0.6595992791264709,8.77951616910104,1.080813778160323,1.6323082101899389,0.3497915422594293,7.848486689403835,0.7609430878658073,1.348339090338986,0.33364992216483313,180.0,70.0,11,DCM
308.69140625,233.2763671875,99.755859375,51.66015625,159.9853515625,141.650390625,0.24430559949383107,0.48213411649535,3.0944689182574647,4.515595463137997,0.518269534957292,0.607221350078493,8.386908577081458,0.42749254860599056,2.007838271656647,0.7415266804026984,7.7194886460218965,0.8256251295567241,1.4548213969640411,0.32320247345194003,160.0,59.0,12,DCM
268.3636776237488,185.53796097564697,131.28868326187134,97.80328003692627,212.79837969589232,248.41448231506348,0.30863236553280926,0.2550517104216389,2.0440731901352427,1.897052541648868,0.7929477699073713,1.3388876379193875,14.26652617320542,1.801958035698495,1.7609834118125989,0.5187697104534277,11.25243965730951,1.2567282483908024,1.3722393007399485,0.32414580765523776,175.0,57.0,13,DCM
334.13971621704104,286.6805117263794,240.56713737487792,181.2758429107666,156.3592932510376,169.27552416992188,0.14203401208324018,0.2464646464646464,1.3889665889665892,1.5814600948649205,0.46794584918326243,0.5904674969029146,9.587288035906042,0.817981032685019,1.3815602371999947,0.5396008880959019,7.391964888578525,0.47960382458700695,1.2143032802216474,0.38936542995547796,175.0,75.0,14,DCM
194.80891264343262,144.6767399597168,112.32074036407471,59.73990451049805,114.82547978973389,137.03167708587645,0.25734024179620035,0.46813113662839073,1.7343984023964054,2.4217772215269084,0.5894262137785454,0.947157622739018,9.713396967805727,0.55532951807902,1.396998646858535,0.45787150971391904,7.593844813627491,0.7429453324712886,1.1714334847356396,0.203290230761307,158.0,57.0,15,DCM
374.3764170913696,334.4571372642517,252.7594379425049,174.6129042778015,162.3091597366333,175.0306884727478,0.1066287244727151,0.30917355371900834,1.4811570247933883,1.9154205048450772,0.43354536324070975,0.523327712197864,10.255677612798623,0.9709495847837849,1.332026242766025,0.38261874484653174,8.484054032590267,0.6575787148200106,1.3873641765736349,0.3502609176444691,173.0,54.0,16,DCM
351.9775390625,303.8818359375,295.1171875,262.8173828125,136.9384765625,146.2646484375,0.13664423943955054,0.1094473858371939,1.1926704169424223,1.1562470970738505,0.3890545883332177,0.48132080019281753,7.454347517650358,0.4801229534562986,1.5061130189071739,0.24341991092631873,6.708171055800985,0.6068158549435141,1.2570365010800968,0.1932194462047806,178.0,85.0,17,DCM
197.81833837127687,152.80779705047607,168.56522492980957,140.67663371276856,92.02113576507568,94.35764642333984,0.22753472550316553,0.16544688400975824,1.1735418052783322,1.0862343874568163,0.4651800056694699,0.6174923547400611,7.234731527638861,0.7409043705086946,1.3046159502227073,0.269076827863994,6.705511622867778,0.9610209680917712,1.1715025971259059,0.09962837566802626,161.0,79.0,18,DCM
321.7356085281372,233.4160297164917,172.4195372543335,106.72297259902955,179.91876355361939,205.3618210258484,0.27450980392156865,0.3810273806639205,1.8660043615216864,2.1871207672734387,0.5592130892091935,0.879810273850009,11.025854166545338,1.2097433177253898,1.4241781206420594,0.3885975146077475,8.3651819207092,0.7561980887575386,1.175442829118931,0.26481664935985955,191.0,97.0,19,DCM
223.73937018203736,185.05387211990356,168.95551390075684,162.31223747634888,120.3514496421814,132.09305448532103,0.1729042949868803,0.03931967812728602,1.324250182882224,1.1401104130972777,0.5379091285734015,0.7138086491901819,9.639276134119756,1.5642732242145125,1.4613857207499394,0.20090814059301385,8.238253133814247,1.2841466827884505,1.4046019470272157,0.23800510970708286,182.0,106.0,20,DCM
173.85159301757812,56.39878845214844,161.7480010986328,55.016326904296875,245.76780700683594,269.91856384277344,0.6755923401493021,0.6598639455782312,1.0748299319727892,1.0251282051282051,1.4136643946770528,4.785892946473236,21.67666052647683,1.5602817331228445,2.6431995194019153,0.45143561365858625,14.459316370538877,1.7616858919624148,3.302832176109645,1.1080331657728588,192.0,110.0,21,HCM
71.7451171875,25.154296875,59.8798828125,33.440185546875,70.459716796875,81.0,0.649393605292172,0.4415455746367239,1.1981505944517834,0.7522176227084565,0.9820837927232635,3.220125786163522,14.793911852415945,4.225096993625395,1.772642939261355,0.6320945136062002,9.44911096409102,1.8623521191499663,1.916354781575002,0.5018880152678149,165.0,42.0,22,HCM
75.45208740234375,24.189788818359375,64.69410705566406,32.94239807128906,139.79107666015625,159.3643341064453,0.6794019933554817,0.49079754601226994,1.1662899580238941,0.7343056436271401,1.8527131782945736,6.5880829015544045,20.691726388654846,2.7800055587200334,2.2676981396114315,0.8845547568826313,15.524071567082016,2.44765344720077,2.2032110299975787,0.9316891202371826,166.0,74.0,23,HCM
95.0439453125,26.513671875,89.4775390625,40.91796875,129.58984375,165.087890625,0.7210377600821988,0.5427012278308322,1.0622100954979536,0.6479713603818615,1.3634729000770613,6.226519337016574,19.06843314987098,0.8501776602212461,1.6673819871961144,0.5518504893106234,11.442314683379246,1.435085153403786,1.8973616335688734,0.5302212615335925,175.0,85.0,24,HCM
166.8262481689453,61.7584228515625,160.82611083984375,50.244140625,176.67694091796875,192.56515502929688,0.6298039215686274,0.6875871687587168,1.0373082287308228,1.2291666666666667,1.059047619047619,3.1180387409200967,17.071479005572762,3.391989642468647,3.566876940980742,0.566029124841006,11.765453615716146,1.2302045213735329,3.6981675125457025,0.681218658187153,174.0,82.0,25,HCM
151.89132690429688,75.90827941894531,126.58233642578125,52.73017883300781,259.0526580810547,266.24908447265625,0.5002461235540241,0.5834317779090372,1.1999409332545776,1.4395604395604396,1.7055131676101403,3.50751046540261,20.533655628572973,1.4063684812098802,2.786117018071142,1.309185924740191,16.411176373425036,2.353752291172336,3.423949100577773,1.2297203545253477,170.0,70.0,26,HCM
130.97496032714844,39.776611328125,104.33883666992188,40.20652770996094,196.21009826660156,219.78073120117188,0.6963036963036963,0.6146542457900395,1.2552848441418847,0.9893072989307299,1.4980733552162124,5.525375939849624,21.926750815245466,3.427017332678233,2.7422790674446507,1.8924684203475988,14.396615781662861,2.6224730315780955,2.6026257098923695,0.9869609087969937,158.0,60.0,27,HCM
122.0458984375,38.0615234375,160.9130859375,66.455078125,190.3076171875,225.0244140625,0.6881376275255051,0.5870125929297527,0.7584585040206342,0.5727406318883174,1.5593118623724744,5.912123155869147,20.540150394558562,2.023857356393172,2.3568272401275188,1.4955754398872716,13.496331212123959,0.9807977559193365,2.0325769940194895,0.574857355103558,177.0,76.0,28,HCM
157.1063995361328,28.48663330078125,115.66619873046875,52.71148681640625,196.77085876464844,194.41566467285156,0.8186793575252825,0.5442792501616031,1.3582740788623142,0.5404255319148936,1.252468768590125,6.824803149606299,22.25276995836923,2.9208775102404494,2.9543998685820876,1.0966909213796785,13.369578319691744,2.632898313842278,2.9088391758089474,1.3518279627250396,163.0,55.0,29,HCM
76.2041015625,19.364364624023438,73.40493774414062,10.319305419921875,135.55055236816406,159.71945190429688,0.7458881578947368,0.8594194649971543,1.0381331815594763,1.8765182186234817,1.778782894736842,8.248112189859762,22.37920373169711,3.301086436755574,1.8016645451442956,0.8327724463702779,12.112673291895733,0.9538890556028028,1.6272908966420492,0.6515493708372506,150.0,54.0,30,HCM
173.0966796875,46.8876953125,131.8936767578125,53.78424072265625,187.92535400390625,208.3505859375,0.7291242362525459,0.5922151687270297,1.3123955897093218,0.8717738631708316,1.0856670061099796,4.443609022556391,20.81951539817041,2.1447107776964103,2.108828954005615,0.5799725148651433,12.624264562055874,1.7396989771222553,1.9307637317328392,0.585198831329643,176.0,89.0,31,HCM
150.2197265625,30.126953125,172.94921875,48.095703125,189.2333984375,214.8193359375,0.7994474240208028,0.7219085262563524,0.8685770750988142,0.6263959390862944,1.2597107102226557,7.130470016207456,21.02851760953767,1.5344926049820122,1.8109365587617037,0.5848057149553998,13.13750815503093,1.7264518922792254,1.7562235529684067,0.5903390029689413,186.0,123.0,32,HCM
140.33203125,40.0390625,111.474609375,37.255859375,140.1611328125,150.78125,0.7146833681280446,0.6657906263688129,1.2588699080157688,1.0747051114023591,0.9987821851078637,3.765853658536585,16.87682552921251,3.115444503127316,3.277720059567964,1.0269835938971195,10.20240409511816,2.188369549472598,3.0751271105486193,1.593496033186903,165.0,89.0,33,HCM
145.6298828125,33.154296875,111.865234375,30.1025390625,237.01171875,298.291015625,0.772338642078793,0.7309035355739851,1.3018332605848975,1.1013787510137876,1.6274937133277452,8.997054491899853,25.91146362856781,3.1446290019407708,2.8696176875971258,0.5672733319689189,14.918819842238324,3.330931399061861,3.2746892709149327,1.2525738204812882,172.0,79.0,34,HCM
105.71630261993408,35.08359282302857,144.5381954421997,48.31576414108277,104.55954563903809,153.94742600631713,0.6681345076060848,0.6657232090571931,0.7314073784891665,0.7261313868613138,0.9890579129970644,4.388017691998391,19.954537689402578,3.1624512889217518,3.657845332971901,0.6766856446355297,11.845084968790617,2.3097695765750146,1.714002015808653,0.48447180702013104,170.0,80.0,35,HCM
143.61331701278687,58.30178440475464,124.85480665969848,53.392820114135745,118.96404951095582,163.1865065460205,0.5940363636363636,0.5723607160783001,1.1502425966203782,1.091940532081377,0.8283636363636364,2.798996775349337,19.754319160455267,4.126551243113348,2.4220065338017815,0.7835170698534821,10.71950485807281,1.9640237687871507,2.015858287441637,1.0701491968884949,160.0,80.0,36,HCM
64.6875,22.32421875,70.875,38.49609375,105.046875,122.51953125,0.654891304347826,0.4568452380952381,0.9126984126984127,0.5799086757990868,1.623913043478261,5.488188976377953,16.363475258889963,1.363284486469626,2.051746750179767,0.8979287386364302,12.110026641832786,1.9437129062574814,2.178657172902032,0.628864411900864,169.0,105.0,37,HCM
141.5276654815674,66.9443913269043,105.24297204971313,62.902727867126465,147.49293852615355,160.3957060661316,0.5269872423945045,0.4023094688221709,1.3447707027383704,1.0642525943916978,1.0421491658488713,2.395954356846473,14.715774266272469,2.1856437141659546,3.3870276002574227,0.6268837906412966,11.022443404265431,1.5579900057836136,2.8982528250332744,0.48461635114146706,160.0,59.0,38,HCM
148.36286538696288,41.96257386398315,146.88246669387817,51.38329281997681,158.51032551956177,222.97495951843263,0.7171625544267054,0.6501740883269195,1.0100787978742898,0.8166579360921948,1.0683962264150944,5.313662604233484,21.381408912798143,3.040540459397134,2.9331103965852927,1.2634746273531787,12.022472738828446,2.128312027295849,2.244791631391637,1.1017503997423692,175.0,100.0,39,HCM
148.26571056747437,73.43878931808472,127.7522053604126,64.11847492218017,243.23156174087524,285.3382303237915,0.504681230494873,0.4981027940669197,1.160572611245257,1.1453608247422682,1.6405112200921383,3.8853885388538854,21.11858143228967,3.958664562583696,2.4457481418279006,1.202234785328333,17.049500141434244,3.6776426651750738,1.9829590883075539,0.6563018718032655,172.0,95.0,40,HCM
103.6028122215271,66.23054508590698,87.21258584976196,47.6719619178772,84.98045385360717,98.43702103042602,0.36072637734687596,0.453382084095064,1.1879341864716637,1.3892976588628763,0.8202523853493382,1.4862782859894077,11.945874921305093,1.7093059323634665,3.190309215257353,0.745122992685499,9.601803229471287,1.1927623550141415,1.833396772511678,0.4140696074199147,170.0,70.0,41,MINF
211.5966796875,141.61033630371094,172.75657653808594,71.62399291992188,128.5400390625,148.62442016601562,0.3307535046728972,0.5854051153639778,1.2248256125916652,1.9771354616048318,0.6074766355140186,1.0495308749727252,10.313040103991755,1.6093988575960134,2.8944725337688144,0.8916467035032536,7.9122451603109925,1.1703849402017963,1.5538420667095636,0.3146424890441142,168.0,99.0,42,MINF
158.75792446899413,106.22984233856201,114.3737310409546,55.4023957901001,92.28942108917236,106.8765629119873,0.3308690404345202,0.5156020942408377,1.3880628272251307,1.917423259835711,0.5813216656608329,1.00608793686584,11.124563411169678,1.333157945026309,2.3254152483440715,0.6154239503217959,7.526651449878488,0.556061924821703,1.3521871940801848,0.2634210748698645,165.0,76.0,43,MINF
104.05845642089844,63.34724426269531,92.07687377929688,33.982086181640625,89.38522338867188,109.87167358398438,0.39123405784084786,0.630937880633374,1.130125862768981,1.864136413641364,0.8589904796119993,1.7344349365594571,14.042249616224213,3.5043656567817187,2.5874005403973297,1.3272314883758094,8.50831128000787,1.5809294008703305,1.4909836480236287,0.4844753563155803,180.0,54.0,44,MINF
225.68359375,158.642578125,152.1240234375,84.6923828125,115.33203125,137.841796875,0.29705755084379054,0.44326753330123575,1.4835499919756059,1.8731622946093975,0.5110341843357854,0.8688827331486612,9.989423252276625,0.9302238680943051,2.3922079614216685,0.5655763865807854,7.824150397849732,0.8207943978011535,1.8841160160644408,0.4010684317457887,174.0,68.0,45,MINF
205.4443359375,118.7744140625,179.6630859375,80.2734375,149.0966796875,178.9306640625,0.42186571598336303,0.5532001630656339,1.1434977578475336,1.4796228710462287,0.7257278669043374,1.506474820143885,14.792959398858397,3.3113351851122625,2.537167136393234,0.6055978820974512,9.338293553453159,0.9562698914332712,1.2464673026543747,0.2814008165833634,186.0,74.0,46,MINF
204.6613448638916,170.41005279541017,125.07082186126709,60.82848904418945,133.87346035003662,153.53832902526855,0.16735594154948988,0.5136476426799007,1.6363636363636362,2.801484230055659,0.6541218637992832,0.9009933774834437,14.807120334481608,3.6554054176830566,1.8469860575064174,0.3237577376467143,9.617733227855377,1.5026325857487022,1.6387266098258562,0.16091287792518807,180.0,82.0,47,MINF
158.154296875,106.7626953125,71.484375,25.68359375,130.859375,153.6376953125,0.32494597097869715,0.6407103825136612,2.212431693989071,4.156844106463878,0.8274158690953998,1.4390578550194375,12.732579686264723,0.9708867165487189,3.606732414232952,0.831722524139698,9.723672169697508,0.9268765247013421,1.8015758673604585,0.48100576191616706,167.0,73.0,48,MINF
121.49810791015625,96.18911743164062,47.365570068359375,12.972259521484375,87.72163391113281,97.68447875976562,0.2083076923076923,0.7261247040252565,2.565114443567482,7.414985590778098,0.722,1.0155460551884958,10.876855515775794,1.7082622563371657,1.7669899492947394,0.5632138356507687,9.04473601973198,1.1531266569850083,1.2984347229267696,0.30983561036268087,171.0,72.0,49,MINF
260.19287109375,217.40684509277344,89.03007507324219,24.486541748046875,137.38632202148438,164.56451416015625,0.1644396551724138,0.7249632584505564,2.9225278186017216,8.878625954198473,0.5280172413793104,0.7569426532542344,9.481806481328698,1.1388799845758268,2.1734364883670922,0.9315163563282808,7.312453898465578,0.5549553782567587,1.45295151503169,0.4178582033563475,162.0,57.0,50,MINF
212.07384186935425,119.69696342086792,142.19902355575562,66.94093726730347,132.9128862991333,141.47228237915039,0.4355882726234294,0.5292447473026689,1.4913874692409617,1.788098110172899,0.6267292803655287,1.181920395772431,15.47918297766688,4.170965180317129,2.5945243605881685,0.9319323198415329,9.059594835517487,1.818988299416408,1.7176786097153123,0.31959954503810023,170.0,91.0,51,MINF
165.49617358779906,109.77259177398682,160.6266949081421,93.93026068496704,108.36242600250245,119.95222593688965,0.33670616429237116,0.41522633744855975,1.0303155006858709,1.168660567675346,0.6547729996005859,1.09273384183059,14.186300731510348,3.932196625714424,3.313533494436939,1.624917132541099,9.998286268896685,2.6666218213168653,2.5621759983136023,0.9451355445165505,161.0,85.0,52,MINF
154.17231927490235,115.92831282043457,103.5728444595337,63.029711517333986,115.18062940979004,122.37708223724366,0.24806013579049468,0.3914455874390904,1.4885399747338026,1.83926453143535,0.747090203685742,1.0556272170267655,12.89131878419489,2.7434492461692184,2.647068873728385,0.9570809843011181,9.180377472297806,0.9144015936879456,1.3502828490469347,0.4046568998352787,176.0,77.0,53,MINF
199.0537121810913,147.64876304244996,74.93709045028686,28.44568767166138,122.1115422744751,133.26066540527344,0.2582466238653973,0.6204057630108791,2.656277565421935,5.190549961270333,0.6134602612353333,0.902551857931652,17.093493529552596,4.989577327110327,2.5195429452760942,1.0565906438309853,12.229196073327255,2.358307699450222,1.9079902135199456,0.7071850298487962,176.0,94.0,54,MINF
151.06400827026368,108.53869672393799,152.9589185256958,78.6167417602539,124.42509549331665,139.8047159385681,0.28150525087514594,0.4860270815326995,0.9876116392970327,1.3806053811659194,0.8236581096849473,1.2880633373934225,15.051291654808505,4.511191955918077,2.2050992892772845,1.0019265436042228,10.069232004761453,2.3569082361709475,1.7541108084746704,0.4747308260483233,180.0,82.0,55,MINF
180.47208324432373,113.47964965057373,141.74208257293702,79.3852861251831,114.24602514648437,135.59238652038573,0.371206628689798,0.4399314255571674,1.273242779902413,1.4294796326818933,0.6330398757120663,1.1948608137044967,11.88958433551283,1.1942586864950102,3.038254632898893,1.6150963628479573,8.856478915939741,1.3499130666717398,1.845348752987928,0.7728484309155922,170.0,62.0,56,MINF
117.65863037109375,88.96453857421875,130.8834228515625,68.2745361328125,126.42901611328125,146.8125,0.24387579310055044,0.4783561229885926,0.8989574677041626,1.3030412744388125,1.0745409470986176,1.6502361767157543,13.17397306075422,0.7829257777336462,3.274624372186673,1.3663933738622736,10.524349294925134,1.4729052035068273,1.8087023435710212,0.8134325096807268,175.0,80.0,57,MINF
165.44091796875,123.497314453125,109.733642578125,32.39208984375,115.587158203125,134.2353515625,0.25352617738465216,0.7048116777797802,1.507659037664444,3.812576312576313,0.6986612479081998,1.086949559647718,12.810292092856262,2.79011282339532,1.5484168105733414,0.6950742887858468,8.622325473488505,1.312731137597203,1.3400546768194765,0.288967241844206,168.0,68.0,58,MINF
142.6953789215088,83.19847151947022,137.19990585327147,46.692828994750975,126.8071064453125,141.4243171234131,0.4169504846738276,0.6596730245231607,1.0400544959128066,1.7818254603682948,0.8886560125753209,1.6998427319703437,16.150623626098092,3.779141954907449,2.8738794690707437,1.5713117923685727,10.630353697036693,1.8148306191945576,1.6790676233905628,0.3182757000161457,173.0,68.0,59,MINF
201.9775390625,129.5654296875,96.9482421875,39.5751953125,106.787109375,101.7333984375,0.35851565333011,0.5917904809871569,2.0833543188113826,3.2739049969154843,0.5287078447963254,0.7851893725268513,9.624295244592615,1.7383701027165348,1.7900866801423199,0.27681467580619984,7.238973598531976,0.765410507815958,1.2471942759888013,0.27232613539516337,172.0,51.0,60,MINF
137.40501403808594,51.45912170410156,174.28436279296875,63.83323669433594,108.17070007324219,112.99324035644531,0.6254931301863692,0.6337408837408838,0.7883955383955384,0.8061493411420205,0.7872398313154673,2.195786414820196,14.827855969290207,2.259795156624675,1.5833092997184413,0.2511034083659217,8.892148695167155,1.1750128107966527,1.264053525396871,0.2622384778596877,187.0,95.0,61,NOR
161.38687133789062,69.72122192382812,181.3873291015625,97.198486328125,132.5824737548828,155.89141845703125,0.5679870280287237,0.46413849958779885,0.8897361912613355,0.7173076923076923,0.8215195737780866,2.2359249329758715,15.020032226024222,1.71995504928119,1.5537111509643522,0.4151810165717975,8.951972812070897,0.8656231357375289,1.120689487538905,0.18689112501022598,172.0,74.0,62,NOR
94.24514770507812,25.514602661132812,112.32032775878906,36.95411682128906,69.384765625,73.19793701171875,0.7292740975803252,0.670993509735397,0.8390747212514561,0.6904400606980273,0.7362157873859579,2.868864468864469,12.304999593835865,1.030688990982496,1.1821319957125331,0.31154026255912975,7.422465110993018,1.1418082565110739,1.013302502173197,0.11405678834847002,165.0,49.0,63,NOR
135.00743103027344,60.76692199707031,181.33985900878906,99.64187622070312,130.49534606933594,160.30435180664062,0.5498994275104441,0.450524133164382,0.7444994816265407,0.609853249475891,0.9665789880860282,2.6380199381230662,15.668386221597274,2.2873586333466176,2.0463121477344077,0.9123869734883442,9.89440026743586,1.2042511803778575,1.0673262158581567,0.14623099106503118,175.0,97.0,64,NOR
145.72265625,49.5,177.890625,69.85546875,88.69921875,86.203125,0.660313630880579,0.6073122529644269,0.8191699604743083,0.7086059386009059,0.6086851628468034,1.7414772727272727,10.319183326710611,0.8295122226652545,1.9878999878208605,0.7690825068063298,7.499375446539167,0.8478732855027798,1.393521010039573,0.2229597464118944,180.0,92.0,65,NOR
158.34007263183594,56.3751220703125,170.90110778808594,93.38531494140625,118.54476928710938,130.4515838623047,0.6439617518592846,0.453571037952532,0.926501148419556,0.6036829463570856,0.7486719395584936,2.313992042440318,15.428795957903368,2.9866105304407586,1.835628164504329,0.9228228506985533,8.708336098797536,1.0682395331258725,1.3167388323431668,0.47058128968811475,175.0,80.0,66,NOR
143.9098358154297,57.94525146484375,189.44358825683594,96.09565734863281,108.75015258789062,126.48887634277344,0.597350305234446,0.49274790330537743,0.7596447952639368,0.6029955261622253,0.7556825561761268,2.182903225806452,12.222452140563625,1.2387155608172271,1.4517112004149788,0.42661911406722824,7.810968855551254,0.7450808183832708,1.2903371705687046,0.2844605894451226,178.0,60.0,67,NOR
123.486328125,49.2919921875,124.9267578125,57.5927734375,58.3984375,68.701171875,0.6008303677342823,0.5389876880984952,0.988469806527262,0.8558711318355235,0.47291419533412415,1.3937592867756314,9.822145557249309,1.3723772262194174,1.3058016206744882,0.15530805744597828,5.664330505601927,0.6084040377547724,0.890463946347948,0.16513294532151143,154.0,64.0,68,NOR
74.8291015625,33.3251953125,79.2724609375,28.4912109375,56.787109375,72.3388671875,0.5546492659053833,0.6405913150600554,0.9439482599322452,1.1696658097686374,0.7588907014681893,2.1706959706959705,11.271541916023835,1.5550732694605993,1.1607212191019463,0.3483739774865598,6.805181305899195,0.8877083531145952,1.1489157382338215,0.3218422635765239,160.0,53.0,69,NOR
89.5263671875,33.642578125,96.9970703125,36.865234375,65.5029296875,89.74609375,0.6242159803654214,0.6199345582683111,0.9229801157815253,0.9125827814569536,0.7316607581128989,2.667634252539913,13.617433709937728,1.3443025286685508,2.0052689661823395,0.6060509119199742,7.90045924394454,0.9833462760804532,1.3085714316145858,0.28948979643604045,158.0,79.0,70,NOR
161.3525390625,73.1201171875,188.4765625,75.537109375,120.80078125,121.533203125,0.5468300801936753,0.5992227979274611,0.8560880829015544,0.9680025856496445,0.7486760478135875,1.6621035058430718,12.167183959392228,1.9510690809378994,1.6834043180317924,0.4770472885972122,8.485715151302994,1.4463390067516801,1.158938036774056,0.3701061613995396,169.0,61.0,71,NOR
118.1884765625,53.1982421875,139.1845703125,70.3125,98.7060546875,115.9423828125,0.5498863871101012,0.494825469215927,0.8491492720575338,0.7565972222222223,0.8351580252014047,2.179440110142267,12.460988251889676,0.593374149971569,1.877653856701024,0.6831781052853075,8.390872011408732,0.4485487097880549,1.2073866897505352,0.4140217831629132,160.0,78.0,72,NOR
123.68133544921875,45.78497314453125,151.88983154296875,80.96484375,94.93450927734375,124.569580078125,0.6298150163220892,0.46695020379230906,0.8142831827042354,0.5654920212765957,0.7675734494015234,2.7207524985302762,14.822001545844989,1.198468832091203,1.5170260225703582,0.6108980862321891,8.574309452468844,0.7339669415528015,1.3734279480426053,0.28573748436726076,185.0,96.0,73,NOR
149.658203125,62.01171875,197.509765625,66.2841796875,106.298828125,126.0009765625,0.5856443719412724,0.6644004944375772,0.757725587144623,0.9355432780847146,0.7102773246329527,2.0318897637795277,13.091030685664224,1.6344299466026375,2.0735406571303816,0.6166700919739696,9.486898897405922,1.4947789463873136,1.4843752871078277,0.3398102613177634,175.0,87.0,74,NOR
112.45162120628358,54.54373970603943,121.31637399101257,70.82235947799683,78.28405786514283,101.51417442512512,0.5149581738267404,0.4162176370088053,0.9269286371402288,0.770148581719946,0.696157663405643,1.861151710026308,11.690539055688198,1.453380769365442,1.3672335658451547,0.3192855850161062,7.130063427563869,0.41491627078743953,1.1236290405010467,0.11938490479938928,179.0,93.0,75,NOR
150.244140625,62.01171875,203.515625,65.9423828125,106.884765625,126.7578125,0.5872603184920377,0.6759836852207294,0.7382437619961613,0.9403924472417623,0.7114072148196295,2.044094488188976,13.33965151096421,2.0481491767450284,2.177343912505976,0.8733107142641213,9.608691333319715,1.7152336959889762,1.5480984697615126,0.2831823892146751,175.0,87.0,76,NOR
134.947265625,44.277099609375,161.347412109375,76.115478515625,92.548828125,98.303466796875,0.6718933177022274,0.5282510111533276,0.8363770069861503,0.5817095349441413,0.6858147713950762,2.2201875837427423,13.642533781565383,0.7218994740231036,1.1816437731173879,0.3115509758140225,7.76675105124599,1.0600680450505229,1.1476412596648324,0.10672120308529305,180.0,75.0,77,NOR
169.53721336364745,62.74933023834229,175.7803698425293,77.64692219543457,137.18121376800536,166.2287142715454,0.6298787210584345,0.5582730752871119,0.964483198638877,0.8081367356764565,0.8091510474090408,2.6490914507000296,16.07896518653861,2.371089913569133,2.0736270202365326,0.7388503948268046,9.796224087429483,1.335066353384655,1.2280418705771419,0.20256457711824694,185.0,84.0,78,NOR
119.46111693572998,50.58078273010254,123.10607356262207,59.459523231506346,106.35796516418458,133.94748301696777,0.576592082616179,0.5170057698147587,0.9703917400546613,0.8506758880855078,0.8903145047723362,2.6481892091648187,13.86658612346891,1.7722088496877002,1.50064276989924,0.34447482979669114,9.046649963625718,1.385688853062135,0.9823913206622615,0.29876448078518786,178.0,80.0,79,NOR
98.44408692169189,37.233246936798096,113.27558777618408,52.651828033447266,71.71648642349243,87.5058550415039,0.6217827997489014,0.5351882160392799,0.8690671031096563,0.7071596244131455,0.7284996861268047,2.350207468879668,14.718034677440924,2.2954540413321243,1.4322416338109836,0.3899370336855841,7.692680234941413,0.8999941119819479,0.9933733278089253,0.2378987072320365,155.0,74.0,80,NOR
156.8017422027588,69.8473046875,182.5715778579712,129.585849067688,81.97508864593506,83.33929381561279,0.5545502001044023,0.2902189344691025,0.8588507808413659,0.5390041056953363,0.5227945014790325,1.1931640625,9.769225909703994,1.1821682254411507,1.380817681250672,0.48606887434778956,6.04724415280705,0.45415416363130584,1.108256564628683,0.1166359141153613,177.0,70.0,81,RV
144.10006415176392,64.87532208824157,211.6858322353363,116.37379599952698,105.19719221878051,124.01087618637085,0.5497897764992256,0.45025231603524896,0.680726067635761,0.5574736265241814,0.7300287674264218,1.9115261735070044,13.077742509539,2.0984963469460505,2.110265054369135,0.751843649461727,8.789949086357918,1.037324595975338,1.3109263925144297,0.4366933750503981,183.0,82.0,82,RV
49.267578125,22.2900390625,177.8076171875,165.13671875,63.1591796875,65.2099609375,0.5475718533201189,0.07126184264726075,0.277083619387615,0.1349793021880544,1.281962338949455,2.9255202628696604,12.258636304569889,2.3088967696588636,1.7220420785548816,0.23160476312439235,9.367668963721664,1.8304212450755326,1.5198632320422087,0.4311153793203047,160.0,58.0,83,RV
56.63701835632324,22.056660614013673,135.98492031097413,80.93672920227051,32.64572691726685,40.53378689956665,0.6105610561056105,0.4048109965635739,0.4164948453608247,0.27251732101616627,0.5764026402640265,1.8377118644067796,8.985553625904844,1.6336667029467313,1.3152688742961618,0.3988953501397452,5.233307588623654,0.7363021580870631,1.0782531003462223,0.28032669968184276,140.0,35.0,84,RV
85.05499534797669,34.14605821228027,194.0137083501816,141.9675538778305,55.26580875015259,69.26687414169311,0.5985414134398334,0.26826019107068094,0.43839683325086587,0.24052015604681404,0.6497655843028304,2.028546712802768,11.036810957091559,1.4063391261829588,1.312975853771645,0.31139030829352665,6.055760554217563,0.566116157645706,0.9528960246876406,0.20137300903887767,172.0,61.0,85,RV
82.12890625,31.8603515625,267.96875,248.2177734375,61.0595703125,78.3203125,0.6120689655172413,0.07370626822157435,0.3064868804664723,0.12835644732959575,0.7434601664684899,2.45823754789272,13.549089534854057,2.281784976455118,2.046298807554862,0.4129747080533951,6.923271054335649,0.5443898009412833,1.856286977096609,0.42629292465259044,165.0,70.0,86,RV
171.93908543014527,92.16319340515136,251.9238695526123,187.29265459442138,109.77279722213746,149.10717917633056,0.4639776454865752,0.25655058043117746,0.6825041459369818,0.49208119562792774,0.6384400437370915,1.6178603807796919,12.433616540796983,1.6271243251121301,2.2395266206242903,0.5156209510236553,8.026026239887843,0.8888384602624785,1.250380638157928,0.13251729212636681,170.0,64.0,87,RV
147.1568116531372,75.93165974426269,168.38384409332275,93.3252756576538,97.77258451080323,99.62790354156495,0.4840085287846482,0.44575872964433283,0.8739366442518026,0.8136237392194123,0.6644108649300084,1.3120733021918796,10.988528615073923,1.2264754471080623,2.3099565921355123,1.161333636430375,8.057230903818898,0.7357088166798558,1.317242870071842,0.2594591724956313,180.0,70.0,88,RV
77.03003498840332,28.6257391204834,109.65401998901368,98.55250749206543,55.20982077026367,75.22231743621826,0.6283821093318608,0.10124127230411174,0.7024825446082233,0.2904618040569702,0.7167310877967974,2.62778603268945,12.166722923929195,1.3215991823019875,1.5783123206827863,0.3490455147435543,8.330915868897408,1.4535927687069636,1.3270358717446757,0.7559136334795681,170.0,103.0,89,RV
77.55064306640625,42.76127152633667,217.76042002487182,130.26084577560425,60.01246309661865,63.4882114906311,0.4486019736842105,0.4018157856201493,0.3561282764680041,0.32827417380660956,0.7738486842105263,1.4847129008202833,8.818630723194138,0.8518015869418709,1.6417946774482397,0.27953653837853154,7.804543621599763,0.9452924248675341,1.2298175330101262,0.31978171300321495,150.0,66.0,90,RV
126.171875,57.275390625,191.30859375,114.16015625,56.4453125,59.1796875,0.5460526315789473,0.4032669729453803,0.6595201633486473,0.501710863986313,0.4473684210526316,1.0332480818414322,7.659664108322733,0.741748527963792,1.676917485793003,0.2993760766969866,5.002401716611154,0.5497397112020429,1.1440744105990617,0.18178861385816325,162.0,53.0,91,RV
116.34410356521606,45.24650218963623,215.57211791038515,125.70203158378601,76.53397710800171,95.94353734016418,0.6110975906546605,0.41689104879490385,0.5396992184934655,0.3599504448699178,0.6578242881479679,2.1204630788485606,13.832983011883556,1.3891234755664505,1.7607388321239268,0.6543382819529966,7.577978198245298,0.6804806457998798,1.5433579015040841,0.44244287887812733,170.0,69.0,92,RV
94.59228515625,39.2041015625,253.69873046875,100.5224609375,53.16650390625,58.2421875,0.585546522131888,0.6037723139104075,0.3728528123947457,0.39000340020401225,0.562059620596206,1.4856146469049696,9.970000318086713,1.3808384436648147,1.6116333569752113,0.45814983593508724,6.095010627738459,0.7952567940188124,1.179115160253545,0.37154865416853783,165.0,65.0,93,RV
51.09343754768371,29.333777389526368,92.17771456718445,57.393404216766356,35.053297691345215,36.95036630630493,0.42587974508174004,0.37736138841959765,0.5542927353709107,0.5111001480019733,0.6860626212247161,1.2596525096525095,8.06784238513347,0.996531389595191,1.680589224275894,0.5165147739379068,5.793243351026119,0.5681047338928702,1.1191033214258514,0.30834744285608523,164.0,45.0,94,RV
123.583984375,55.16357421875,211.7919921875,135.5224609375,61.60888671875,80.2978515625,0.5536349269063611,0.3601152737752161,0.5835158501440922,0.4070437758962349,0.49851837218490713,1.4556317769418012,11.532642192430075,1.459828655520341,1.390353505936203,0.36067030942049305,5.704878801858911,0.6551620497698344,1.083338979866485,0.26511168190822876,165.0,76.0,95,RV
152.26099219322205,74.90589583396911,284.0931037044525,217.68154495239258,116.9670216178894,115.05579577445984,0.5080427708042772,0.23376688094882142,0.5359545522499627,0.3441077003121748,0.7682008368200837,1.536004536004536,11.993944722646315,1.6858561593612407,1.8852220014932302,0.5368997078517873,8.791096648130859,1.146046177616969,1.6305825748918787,0.3134262003468569,186.0,76.0,96,RV
124.38102781295777,49.66427576446533,208.83673722076415,129.09626961135865,93.51161772155761,110.34547161865234,0.6007085916740479,0.3818316100443131,0.5955897868748682,0.38470728793309433,0.7518157661647475,2.2218278615794143,14.248055288457888,2.0784408461325508,1.5110302756377465,0.5391575579483678,8.915570641626482,1.7152844281343922,1.2846967169283496,0.34094153153291695,187.0,82.0,97,RV
93.84375,41.1875,164.65625,161.5,93.625,102.171875,0.5611055611055611,0.01916872271778326,0.569937369519833,0.255030959752322,0.9976689976689976,2.480652503793627,13.159912688555517,2.393309133698342,2.0322756878117243,0.6158211204478609,9.952442967846206,1.805887222924366,1.2894406619996357,0.25244896305477316,167.0,50.0,98,RV
140.401102558136,74.05895087242126,200.36573425483704,136.63836576461793,92.58564644050598,92.23488284111023,0.4725187372246196,0.31805522399936337,0.7007241187236413,0.5420070011668611,0.6594367476720417,1.2454251883745964,11.2485013763385,1.225667486051565,1.2891590072812205,0.2934786620759894,7.313388427485313,0.7772392872934577,1.2379412036741273,0.22846001746765582,180.0,80.0,99,RV
71.69328193092346,30.19393472290039,185.50918036460877,112.63861198806762,68.69812670898438,81.94259922218323,0.5788456894469934,0.39281381241250585,0.3864675688287447,0.2680602520750077,0.958222651533446,2.713876146788991,12.512936331437974,2.2667732989747833,1.1900147381395854,0.3174451409321135,8.235602297287006,1.3379611311780142,1.0936075673190575,0.0828048369636795,165.0,63.0,100,RV
