seed,fold,accuracy,balanced_accuracy,precision_macro,recall_macro,f1_macro
0,1,0.9333333333333333,0.9333333333333333,0.9428571428571428,0.9333333333333333,0.9328671328671329
0,2,0.8333333333333334,0.8333333333333334,0.8433333333333334,0.8333333333333334,0.8320346320346321
0,3,0.7333333333333333,0.7333333333333334,0.7783333333333333,0.7333333333333334,0.7150793650793651
0,4,0.9333333333333333,0.9333333333333333,0.9333333333333333,0.9333333333333333,0.9333333333333333
0,5,0.7666666666666667,0.7666666666666667,0.8047619047619048,0.7666666666666667,0.7360439560439561
1,1,0.9,0.9,0.9214285714285715,0.9,0.897862137862138
1,2,0.7333333333333333,0.7333333333333334,0.7583333333333333,0.7333333333333334,0.7184126984126985
1,3,0.9,0.9,0.9047619047619048,0.9,0.8997668997668999
1,4,0.9,0.9,0.9047619047619048,0.9,0.8997668997668997
1,5,0.7666666666666667,0.7666666666666667,0.7961904761904762,0.7666666666666667,0.7527350427350428
2,1,0.9666666666666667,0.9666666666666668,0.9714285714285715,0.9666666666666668,0.9664335664335664
2,2,0.8333333333333334,0.8333333333333334,0.8433333333333334,0.8333333333333334,0.8320346320346321
2,3,0.9,0.9,0.9214285714285715,0.9,0.897862137862138
2,4,0.8,0.8,0.8047619047619048,0.8,0.781989121989122
2,5,0.8333333333333334,0.8333333333333334,0.8833333333333332,0.8333333333333334,0.8132467532467533
3,1,0.7666666666666667,0.7666666666666668,0.82,0.7666666666666668,0.7500000000000001
3,2,0.8,0.8,0.8023809523809525,0.8,0.7943589743589744
3,3,0.8333333333333334,0.8333333333333334,0.8457142857142858,0.8333333333333334,0.834965034965035
3,4,0.9,0.9,0.9214285714285714,0.9,0.9014985014985015
3,5,0.8666666666666667,0.8666666666666668,0.8857142857142858,0.8666666666666668,0.8564102564102564
4,1,0.9,0.9,0.9142857142857143,0.9,0.9020979020979022
4,2,0.9,0.9,0.9214285714285715,0.9,0.897862137862138
4,3,0.8333333333333334,0.8333333333333334,0.8476190476190476,0.8333333333333334,0.8317948717948719
4,4,0.7333333333333333,0.7333333333333334,0.8380952380952381,0.7333333333333334,0.7179487179487178
4,5,0.8333333333333334,0.8333333333333334,0.8914285714285715,0.8333333333333334,0.8164335664335665
