patient,label,LV_EDV,LV_ESV,LV_EF,RV_EDV,RV_ESV,RV_EF,MYO_mass_ED,MYO_vol_ES,LV_EDV_idx,LV_ESV_idx,RV_EDV_idx,RV_ESV_idx,MYO_mass_idx,RV_LV_EDV_ratio,RV_LV_ESV_ratio,MYO_LV_ED_ratio,MYO_LV_ES_ratio,Thick_max_ED,Thick_mean_ED,Thick_std_ED,Thick_max_ES,Thick_mean_ES,Thick_std_ES,Height,Weight,BSA
patient001,DCM,295.5078,225.6104,0.2365,139.7217,59.5459,0.5738,172.4707,195.0684,134.1064,102.3858,63.4080,27.0229,78.2701,0.4728,0.2639,0.5558,0.8646,12.8847,8.1180,0.8557,15.6250,10.5720,0.5967,184.0000,95.0000,2.2035
patient002,DCM,265.7444,188.3034,0.2914,94.4321,28.8231,0.6948,168.4553,192.5652,150.6629,106.7580,53.5380,16.3412,95.5052,0.3553,0.1531,0.6037,1.0226,13.6719,7.8593,1.0591,19.1406,10.5515,1.2605,160.0000,70.0000,1.7638
patient003,DCM,276.7090,241.0889,0.1287,192.3340,174.5850,0.0923,201.4380,201.0742,147.2947,128.3338,102.3811,92.9332,107.2273,0.6951,0.7242,0.6933,0.8340,13.2583,9.1182,0.6141,16.8286,10.0102,0.5645,165.0000,77.0000,1.8786
patient004,DCM,260.8471,226.4725,0.1318,106.2641,84.5440,0.2044,176.8751,174.9573,183.0037,158.8873,74.5522,59.3139,124.0910,0.4074,0.3733,0.6458,0.7725,12.2285,8.1538,1.2481,13.9426,9.1129,0.8597,159.0000,46.0000,1.4254
patient005,DCM,290.7971,224.0947,0.2294,170.4639,74.5532,0.5626,211.4622,232.2620,154.7940,119.2877,90.7395,39.6854,112.5633,0.5862,0.3327,0.6926,1.0364,14.0625,9.0682,1.2790,18.0088,11.1986,1.9239,165.0000,77.0000,1.8786
patient006,DCM,331.7940,284.1476,0.1436,256.6166,161.5711,0.3704,202.1910,180.3886,177.3513,151.8833,137.1673,86.3634,108.0756,0.7734,0.5686,0.5804,0.6348,12.6758,8.6118,1.0404,17.5781,8.6730,0.9644,180.0000,70.0000,1.8708
patient007,DCM,309.7266,277.2773,0.1048,294.2930,213.9961,0.2728,192.8760,183.9727,136.5887,122.2787,129.7825,94.3718,85.0579,0.9502,0.7718,0.5931,0.6635,13.5208,8.5450,0.8080,18.7500,8.8405,0.8813,173.0000,107.0000,2.2676
patient008,DCM,284.2285,235.9863,0.1697,163.5742,85.4248,0.4778,166.2415,182.8857,127.1109,105.5363,73.1526,38.2031,74.3454,0.5755,0.3620,0.5570,0.7750,13.2583,7.8183,0.7197,19.0086,9.5478,1.1622,180.0000,100.0000,2.2361
patient009,DCM,265.2407,225.5200,0.1498,82.7872,61.9643,0.2515,197.5426,208.1551,164.7331,140.0637,51.4167,38.4842,122.6878,0.3121,0.2748,0.7093,0.9230,14.7251,8.9582,1.1770,15.9440,10.3700,1.0930,153.0000,61.0000,1.6101
patient010,DCM,297.9492,265.8936,0.1076,261.7920,198.4863,0.2418,172.5220,160.4492,166.2703,148.3816,146.0928,110.7651,96.2757,0.8786,0.7465,0.5515,0.6034,13.2583,7.8097,1.1430,13.9754,8.0875,0.7226,170.0000,68.0000,1.7920
patient011,DCM,237.0180,207.8452,0.1231,156.8809,131.4539,0.1621,139.3222,137.0946,126.6915,111.0979,83.8564,70.2651,74.4708,0.6619,0.6325,0.5598,0.6596,13.2767,7.4214,0.6965,13.2767,7.9670,1.0563,180.0000,70.0000,1.8708
patient012,DCM,308.6914,233.2764,0.2443,99.7559,51.6602,0.4821,167.9846,141.6504,190.6294,144.0575,61.6033,31.9022,103.7373,0.3232,0.2215,0.5183,0.6072,12.8847,7.4669,0.8403,15.9344,8.1227,0.5042,160.0000,59.0000,1.6193
patient013,DCM,268.3637,185.5380,0.3086,131.2887,97.8033,0.2551,223.4383,248.4145,161.2199,111.4622,78.8719,58.7555,134.2309,0.4892,0.5271,0.7929,1.3389,14.4531,9.9428,1.1944,18.2819,12.8637,1.4162,175.0000,57.0000,1.6646
patient014,DCM,334.1397,286.6805,0.1420,240.5671,181.2758,0.2465,164.1773,169.2755,174.9966,150.1412,125.9905,94.9383,85.9834,0.7200,0.6323,0.4679,0.5905,12.2285,7.1279,0.5014,13.6719,8.2263,0.8026,175.0000,75.0000,1.9094
patient015,DCM,194.8089,144.6767,0.2573,112.3207,59.7399,0.4681,120.5668,137.0317,123.1669,91.4711,71.0142,37.7702,76.2277,0.5766,0.4129,0.5894,0.9472,10.9375,7.1067,0.7486,16.4063,10.1657,1.9063,158.0000,57.0000,1.5817
patient016,DCM,374.3764,334.4571,0.1066,252.7594,174.6129,0.3092,170.4246,175.0307,232.4020,207.6212,156.9057,108.3946,105.7946,0.6751,0.5221,0.4335,0.5233,12.9272,7.3712,0.7050,14.4531,8.2522,0.9586,173.0000,54.0000,1.6109
patient017,DCM,351.9775,303.8818,0.1366,295.1172,262.8174,0.1094,143.7854,146.2646,171.6907,148.2301,143.9548,128.1994,70.1369,0.8385,0.8649,0.3891,0.4813,11.2673,6.6068,0.5170,13.2583,7.3627,0.4856,178.0000,85.0000,2.0501
patient018,DCM,197.8183,152.8078,0.2275,168.5652,140.6766,0.1654,96.6222,94.3576,105.2425,81.2962,89.6794,74.8422,51.4046,0.8521,0.9206,0.4652,0.6175,9.8589,6.1574,0.9078,11.2741,6.9367,0.7308,161.0000,79.0000,1.8796
patient019,DCM,321.7356,233.4160,0.2745,172.4195,106.7230,0.3810,188.9147,205.3618,141.8234,102.8915,76.0038,47.0443,83.2750,0.5359,0.4572,0.5592,0.8798,12.2639,7.9661,0.7520,17.5830,10.3768,1.6101,191.0000,97.0000,2.2686
patient020,DCM,223.7394,185.0539,0.1729,168.9555,162.3122,0.0393,126.3690,132.0931,96.6507,79.9394,72.9852,70.1155,54.5888,0.7551,0.8771,0.5379,0.7138,12.6757,7.3896,1.1560,14.4953,8.5203,1.6003,182.0000,106.0000,2.3149
patient021,HCM,173.8516,56.3988,0.6756,161.7480,55.0163,0.6599,258.0562,269.9186,71.7766,23.2849,66.7795,22.7141,106.5414,0.9304,0.9755,1.4137,4.7859,27.0841,13.0565,1.6953,30.9719,21.2922,3.2667,192.0000,110.0000,2.4221
patient022,HCM,71.7451,25.1543,0.6494,59.8799,33.4402,0.4415,73.9827,81.0000,51.7103,18.1300,43.1584,24.1020,53.3230,0.8346,1.3294,0.9821,3.2201,16.3996,7.7851,1.8773,19.8874,10.8828,4.2467,165.0000,42.0000,1.3874
patient023,HCM,75.4521,24.1898,0.6794,64.6941,32.9424,0.4908,146.7806,159.3643,40.8463,13.0952,35.0224,17.8335,79.4603,0.8574,1.3618,1.8527,6.5881,25.8545,11.8036,2.5363,29.0504,18.4623,4.0212,166.0000,74.0000,1.8472
patient024,HCM,95.0439,26.5137,0.7210,89.4775,40.9180,0.5427,136.0693,165.0879,46.7571,13.0435,44.0187,20.1297,66.9396,0.9414,1.5433,1.3635,6.2265,17.6777,10.5436,1.5430,22.7503,18.7119,1.4075,175.0000,85.0000,2.0327
patient025,HCM,166.8262,61.7584,0.6298,160.8261,50.2441,0.6876,185.5108,192.5652,83.7981,31.0217,80.7842,25.2380,93.1835,0.9640,0.8136,1.0590,3.1180,24.4570,10.4828,1.0437,24.7608,14.9131,3.1738,174.0000,82.0000,1.9908
patient026,HCM,151.8913,75.9083,0.5002,126.5823,52.7302,0.5834,272.0053,266.2491,83.5431,41.7510,69.6227,29.0026,149.6081,0.8334,0.6947,1.7055,3.5075,29.0668,13.7544,2.1195,27.8853,19.3444,1.8689,170.0000,70.0000,1.8181
patient027,HCM,130.9750,39.7766,0.6963,104.3388,40.2065,0.6147,206.0206,219.7807,80.7115,24.5118,64.2973,24.7767,126.9573,0.7966,1.0108,1.4981,5.5254,20.8244,11.7277,1.6894,30.5712,19.0717,3.7877,158.0000,60.0000,1.6228
patient028,HCM,122.0459,38.0615,0.6881,160.9131,66.4551,0.5870,199.8230,225.0244,63.1366,19.6899,83.2433,34.3784,103.3721,1.3185,1.7460,1.5593,5.9121,19.7642,12.4196,0.9848,43.5262,23.6462,8.5596,177.0000,76.0000,1.9330
patient029,HCM,157.1064,28.4866,0.8187,115.6662,52.7115,0.5443,206.6094,194.4157,99.5566,18.0517,73.2964,33.4027,130.9261,0.7362,1.8504,1.2525,6.8248,22.5482,10.3712,2.5347,31.1767,18.3716,2.8462,163.0000,55.0000,1.5781
patient030,HCM,76.2041,19.3644,0.7459,73.4049,10.3193,0.8594,142.3281,159.7195,50.8027,12.9096,48.9366,6.8795,94.8854,0.9633,0.5329,1.7788,8.2481,20.4398,11.4081,1.0151,28.4694,17.6322,3.1900,150.0000,54.0000,1.5000
patient031,HCM,173.0967,46.8877,0.7291,131.8937,53.7842,0.5922,197.3216,208.3506,82.9829,22.4781,63.2301,25.7843,94.5964,0.7620,1.1471,1.0857,4.4436,16.7938,10.3220,1.6265,35.6250,20.3514,5.3955,176.0000,89.0000,2.0859
patient032,HCM,150.2197,30.1270,0.7994,172.9492,48.0957,0.7219,198.6951,214.8193,59.5894,11.9508,68.6058,19.0787,78.8187,1.1513,1.5964,1.2597,7.1305,19.7642,10.9794,1.7580,40.0195,21.6150,5.7904,186.0000,123.0000,2.5209
patient033,HCM,140.3320,40.0391,0.7147,111.4746,37.2559,0.6658,147.1692,150.7812,69.4818,19.8243,55.1938,18.4463,72.8670,0.7944,0.9305,0.9988,3.7659,26.5165,9.0685,2.1866,28.8111,15.2447,3.0977,165.0000,89.0000,2.0197
patient034,HCM,145.6299,33.1543,0.7723,111.8652,30.1025,0.7309,248.8623,298.2910,74.9590,17.0653,57.5796,15.4945,128.0951,0.7681,0.9080,1.6275,8.9971,25.1946,12.7774,2.9840,31.8689,22.0878,2.7898,172.0000,79.0000,1.9428
patient035,HCM,105.7163,35.0836,0.6681,144.5382,48.3158,0.6657,109.7875,153.9474,54.3906,18.0504,74.3643,24.8583,56.4852,1.3672,1.3772,0.9891,4.3880,17.1295,9.3044,2.1315,26.2376,17.8164,2.9304,170.0000,80.0000,1.9437
patient036,HCM,143.6133,58.3018,0.5940,124.8548,53.3928,0.5724,124.9123,163.1865,76.1625,30.9192,66.2143,28.3158,66.2447,0.8694,0.9158,0.8284,2.7990,20.4398,8.3534,1.9268,28.4693,13.7363,4.0451,160.0000,80.0000,1.8856
patient037,HCM,64.6875,22.3242,0.6549,70.8750,38.4961,0.4568,110.2992,122.5195,29.1362,10.0552,31.9232,17.3392,49.6805,1.0957,1.7244,1.6239,5.4882,18.7500,10.7282,1.9250,28.5591,17.2516,3.5434,169.0000,105.0000,2.2202
patient038,HCM,141.5277,66.9444,0.5270,105.2430,62.9027,0.4023,154.8676,160.3957,87.3990,41.3409,64.9918,38.8450,95.6370,0.7436,0.9396,1.0421,2.3960,21.6667,9.8421,1.5949,22.6691,12.9237,1.9221,160.0000,59.0000,1.6193
patient039,HCM,148.3629,41.9626,0.7172,146.8825,51.3833,0.6502,166.4358,222.9750,67.2911,19.0324,66.6196,23.3053,75.4882,0.9900,1.2245,1.0684,5.3137,21.0102,9.9728,2.2214,29.5312,18.2542,2.8548,175.0000,100.0000,2.2048
patient040,HCM,148.2657,73.4388,0.5047,127.7522,64.1185,0.4981,255.3931,285.3382,69.5931,34.4708,59.9644,30.0960,119.8766,0.8616,0.8731,1.6405,3.8854,23.1868,12.9005,3.5693,26.7188,17.9002,3.2731,172.0000,95.0000,2.1305
patient041,MINF,103.6028,66.2305,0.3607,87.2126,47.6720,0.4534,89.2295,98.4370,56.9835,36.4281,47.9686,26.2205,49.0779,0.8418,0.7198,0.8203,1.4863,14.2857,8.6823,1.2137,19.2327,11.3964,1.6769,170.0000,70.0000,1.8181
patient042,MINF,211.5967,141.6103,0.3308,172.7566,71.6240,0.5854,134.9670,148.6244,98.4437,65.8831,80.3736,33.3225,62.7924,0.8164,0.5058,0.6075,1.0495,12.6758,7.5271,1.1087,17.5781,9.7011,1.5835,168.0000,99.0000,2.1494
patient043,MINF,158.7579,106.2298,0.3309,114.3737,55.4024,0.5156,96.9039,106.8766,85.0625,56.9179,61.2814,29.6846,51.9211,0.7204,0.5215,0.5813,1.0061,11.5178,7.3751,0.5576,16.2887,9.2168,1.3580,165.0000,76.0000,1.8664
patient044,MINF,104.0585,63.3472,0.3912,92.0769,33.9821,0.6309,93.8545,109.8717,63.3280,38.5519,56.0362,20.6808,57.1180,0.8849,0.5364,0.8590,1.7344,13.6719,7.1151,1.4757,18.3427,9.4538,3.3181,180.0000,54.0000,1.6432
patient045,MINF,225.6836,158.6426,0.2971,152.1240,84.6924,0.4433,121.0986,137.8418,124.4865,87.5068,83.9112,46.7161,66.7977,0.6741,0.5339,0.5110,0.8689,13.2583,7.1988,0.7491,17.6777,9.2795,0.8629,174.0000,68.0000,1.8129
patient046,MINF,205.4443,118.7744,0.4219,179.6631,80.2734,0.5532,156.5515,178.9307,105.0686,60.7438,91.8836,41.0536,80.0638,0.8745,0.6758,0.7257,1.5065,12.8847,8.5118,0.9572,22.0971,11.5852,3.2332,186.0000,74.0000,1.9553
patient047,MINF,204.6613,170.4101,0.1674,125.0708,60.8285,0.5136,140.5671,153.5383,101.0750,84.1595,61.7681,30.0410,69.4212,0.6111,0.3570,0.6541,0.9010,13.4375,8.4789,1.4275,19.5884,10.3908,3.5513,180.0000,82.0000,2.0248
patient048,MINF,158.1543,106.7627,0.3249,71.4844,25.6836,0.6407,137.4023,153.6377,85.9434,58.0164,38.8457,13.9568,74.6665,0.4520,0.2406,0.8274,1.4391,13.2583,8.8110,0.8938,20.0098,11.5500,0.9009,167.0000,73.0000,1.8402
patient049,MINF,121.4981,96.1891,0.2083,47.3656,12.9723,0.7261,92.1077,97.6845,65.6987,52.0131,25.6124,7.0146,49.8061,0.3898,0.1349,0.7220,1.0155,13.6719,8.0428,1.0485,15.9440,9.2865,1.6635,171.0000,72.0000,1.8493
patient050,MINF,260.1929,217.4068,0.1644,89.0301,24.4865,0.7250,144.2556,164.5645,162.4620,135.7468,55.5895,15.2892,90.0719,0.3422,0.1126,0.5280,0.7569,11.6010,6.9711,0.5934,16.4062,8.6247,1.0717,162.0000,57.0000,1.6016
patient051,MINF,212.0738,119.6970,0.4356,142.1990,66.9409,0.5292,139.5585,141.4723,102.3041,57.7417,68.5966,32.2922,67.3228,0.6705,0.5593,0.6267,1.1819,14.6742,7.3499,1.8053,23.2019,9.6607,4.1622,170.0000,91.0000,2.0730
patient052,MINF,165.4962,109.7726,0.3367,160.6267,93.9303,0.4152,113.7805,119.9522,84.8822,56.3019,82.3847,48.1764,58.3575,0.9706,0.8557,0.6548,1.0927,17.3107,7.3276,2.6091,23.1868,9.0971,3.8600,161.0000,85.0000,1.9497
patient053,MINF,154.1723,115.9283,0.2481,103.5728,63.0297,0.3914,120.9397,122.3771,79.4614,59.7502,53.3821,32.4859,62.3330,0.6718,0.5437,0.7471,1.0556,12.2285,8.5079,0.8891,19.7179,9.7740,2.7576,176.0000,77.0000,1.9402
patient054,MINF,199.0537,147.6488,0.2582,74.9371,28.4457,0.6204,128.2171,133.2607,92.8541,68.8749,34.9565,13.2693,59.8104,0.3765,0.1927,0.6135,0.9026,20.9923,7.8794,2.2929,26.5534,10.1001,4.9533,176.0000,94.0000,2.1437
patient055,MINF,151.0640,108.5387,0.2815,152.9589,78.6167,0.4860,130.6464,139.8047,74.6052,53.6034,75.5410,38.8260,64.5216,1.0125,0.7243,0.8237,1.2881,16.7938,7.9370,2.2927,19.9150,9.7922,4.3360,180.0000,82.0000,2.0248
patient056,MINF,180.4721,113.4796,0.3712,141.7421,79.3853,0.4399,119.9583,135.5924,105.4729,66.3207,82.8380,46.3950,70.1070,0.7854,0.6996,0.6330,1.1949,16.6326,7.1523,1.3736,21.8750,10.2967,1.3010,170.0000,62.0000,1.7111
patient057,MINF,117.6586,88.9645,0.2439,130.8834,68.2745,0.4784,132.7505,146.8125,59.6638,45.1133,66.3700,34.6215,67.3168,1.1124,0.7674,1.0745,1.6502,17.6203,9.3311,1.4103,23.9062,13.2543,3.1829,175.0000,80.0000,1.9720
patient058,MINF,165.4409,123.4973,0.2535,109.7336,32.3921,0.7048,121.3665,134.2354,92.8721,69.3266,61.6002,18.1837,68.1304,0.6633,0.2623,0.6987,1.0869,14.0625,7.4631,1.2510,17.1078,9.1211,2.7171,168.0000,68.0000,1.7814
patient059,MINF,142.6954,83.1985,0.4170,137.1999,46.6928,0.6597,133.1475,141.4243,78.9376,46.0245,75.8975,25.8300,73.6557,0.9615,0.5612,0.8887,1.6998,17.2937,8.4790,1.7108,22.0453,10.6835,3.7016,173.0000,68.0000,1.8077
patient060,MINF,201.9775,129.5654,0.3585,96.9482,39.5752,0.5918,112.1265,101.7334,129.3913,83.0025,62.1072,25.3527,71.8307,0.4800,0.3054,0.5287,0.7852,11.2673,6.5904,0.7678,13.9754,7.8266,1.6690,172.0000,51.0000,1.5610
patient061,NOR,137.4050,51.4591,0.6255,174.2844,63.8332,0.6337,113.5792,112.9932,61.8545,23.1649,78.4562,28.7353,51.1290,1.2684,1.2405,0.7872,2.1958,13.6719,7.8496,1.1833,19.3350,11.7136,2.0861,187.0000,95.0000,2.2214
patient062,NOR,161.3869,69.7212,0.5680,181.3873,97.1985,0.4641,139.2116,155.8914,85.8301,37.0797,96.4669,51.6929,74.0366,1.1239,1.3941,0.8215,2.2359,11.6010,8.1573,0.8330,19.3350,12.4935,1.6346,172.0000,74.0000,1.8803
patient063,NOR,94.2451,25.5146,0.7293,112.3203,36.9541,0.6710,72.8540,73.1979,62.8884,17.0255,74.9496,24.6589,48.6144,1.1918,1.4484,0.7362,2.8689,11.2741,6.3484,1.1087,15.9440,11.2202,1.0002,165.0000,49.0000,1.4986
patient064,NOR,135.0074,60.7669,0.5499,181.3399,99.6419,0.4505,137.0201,160.3044,62.1733,27.9842,83.5102,45.8869,63.1002,1.3432,1.6397,0.9666,2.6380,12.2639,8.7519,1.1889,20.4398,13.1779,1.9990,175.0000,97.0000,2.1715
patient065,NOR,145.7227,49.5000,0.6603,177.8906,69.8555,0.6073,93.1342,86.2031,67.9435,23.0795,82.9419,32.5703,43.4240,1.2207,1.4112,0.6087,1.7415,11.8585,6.8899,0.8116,15.0000,10.2129,0.5694,180.0000,92.0000,2.1448
patient066,NOR,158.3401,56.3751,0.6440,170.9011,93.3853,0.4536,124.4720,130.4516,80.2931,28.5874,86.6627,47.3550,63.1188,1.0793,1.6565,0.7487,2.3140,13.6719,7.7065,1.0425,19.3350,12.1405,2.4915,175.0000,80.0000,1.9720
patient067,NOR,143.9098,57.9453,0.5974,189.4436,96.0957,0.4927,114.1877,126.4889,83.5519,33.6421,109.9881,55.7917,66.2956,1.3164,1.6584,0.7557,2.1829,12.2285,7.0455,0.6622,17.2937,11.2808,1.1604,178.0000,60.0000,1.7224
patient068,NOR,123.4863,49.2920,0.6008,124.9268,57.5928,0.5390,61.3184,68.7012,74.6311,29.7905,75.5016,34.8072,37.0588,1.0117,1.1684,0.4729,1.3938,8.8388,5.4705,0.6982,12.8847,8.4275,1.1355,154.0000,64.0000,1.6546
patient069,NOR,74.8291,33.3252,0.5546,79.2725,28.4912,0.6406,59.6265,72.3389,48.7555,21.7133,51.6506,18.5637,38.8501,1.0594,0.8549,0.7589,2.1707,12.5000,6.3607,0.7900,15.6250,9.8797,1.5604,160.0000,53.0000,1.5348
patient070,NOR,89.5264,33.6426,0.6242,96.9971,36.8652,0.6199,68.7781,89.7461,48.0795,18.0675,52.0916,19.7982,36.9368,1.0834,1.0958,0.7317,2.6676,12.5000,7.0286,0.9353,18.7500,12.5193,1.1337,158.0000,79.0000,1.8620
patient071,NOR,161.3525,73.1201,0.5468,188.4766,75.5371,0.5992,126.8408,121.5332,95.3496,43.2096,111.3782,44.6379,74.9552,1.1681,1.0331,0.7487,1.6621,13.2583,7.4454,1.3671,15.6250,10.9693,1.8249,169.0000,61.0000,1.6922
patient072,NOR,118.1885,53.1982,0.5499,139.1846,70.3125,0.4948,103.6414,115.9424,63.4774,28.5720,74.7541,37.7639,55.6643,1.1776,1.3217,0.8352,2.1794,12.5000,8.4503,0.4712,17.6777,12.5567,0.7118,160.0000,78.0000,1.8619
patient073,NOR,123.6813,45.7850,0.6298,151.8898,80.9648,0.4670,99.6812,124.5696,55.6845,20.6135,68.3846,36.4524,44.8790,1.2281,1.7684,0.7676,2.7208,13.1250,8.1017,0.6822,17.6701,13.8198,0.9014,185.0000,96.0000,2.2211
patient074,NOR,149.6582,62.0117,0.5856,197.5098,66.2842,0.6644,111.6138,126.0010,72.7735,30.1541,96.0420,32.2316,54.2738,1.3197,1.0689,0.7103,2.0319,13.9754,7.6833,1.4179,19.0086,11.8220,1.5461,175.0000,87.0000,2.0565
patient075,NOR,112.4516,54.5437,0.5150,121.3164,70.8224,0.4162,82.1983,101.5142,52.2937,25.3646,56.4161,32.9347,38.2249,1.0788,1.2985,0.6962,1.8612,11.2938,7.3229,0.4136,17.8571,10.9952,1.2475,179.0000,93.0000,2.1504
patient076,NOR,150.2441,62.0117,0.5873,203.5156,65.9424,0.6760,112.2290,126.7578,73.0584,30.1541,98.9624,32.0654,54.5730,1.3546,1.0634,0.7114,2.0441,13.9754,7.6826,1.6008,26.7000,13.6312,4.7137,175.0000,87.0000,2.0565
patient077,NOR,134.9473,44.2771,0.6719,161.3474,76.1155,0.5283,97.1763,98.3035,69.6865,22.8646,83.3194,39.3059,50.1816,1.1956,1.7191,0.6858,2.2202,11.2500,7.1826,1.0150,16.8750,12.5229,0.6987,180.0000,75.0000,1.9365
patient078,NOR,169.5372,62.7493,0.6299,175.7804,77.6469,0.5583,144.0403,166.2287,81.6001,30.2019,84.6050,37.3723,69.3282,1.0368,1.2374,0.8092,2.6491,13.6719,8.9376,1.2768,20.8244,14.0576,2.0910,185.0000,84.0000,2.0777
patient079,NOR,119.4611,50.5808,0.5766,123.1061,59.4595,0.5170,111.6759,133.9475,60.0652,25.4321,61.8979,29.8963,56.1508,1.0305,1.1755,0.8903,2.6482,13.6719,7.7576,1.3532,20.8244,13.7030,2.9480,178.0000,80.0000,1.9889
patient080,NOR,98.4441,37.2332,0.6218,113.2756,52.6518,0.5352,75.3023,87.5059,55.1517,20.8593,63.4608,29.4973,42.1869,1.1507,1.4141,0.7285,2.3502,11.1174,7.5429,0.8297,17.9262,11.7523,2.0864,155.0000,74.0000,1.7850
patient081,RV,156.8017,69.8473,0.5546,182.5716,129.5858,0.2902,86.0738,83.3393,84.5214,37.6500,98.4122,69.8511,46.3967,1.1643,1.8553,0.5228,1.1932,10.4468,6.0859,0.4859,13.6210,8.5229,1.1012,177.0000,70.0000,1.8552
patient082,RV,144.1001,64.8753,0.5498,211.6858,116.3738,0.4503,110.4571,124.0109,70.5802,31.7759,103.6837,56.9999,54.1019,1.4690,1.7938,0.7300,1.9115,14.2857,7.8379,0.9842,20.2030,11.3915,1.8703,183.0000,82.0000,2.0416
patient083,RV,49.2676,22.2900,0.5476,177.8076,165.1367,0.0713,66.3171,65.2100,30.6859,13.8832,110.7459,102.8539,41.3050,3.6090,7.4085,1.2820,2.9255,13.9754,8.1730,1.8119,17.6777,10.4404,1.8649,160.0000,58.0000,1.6055
patient084,RV,56.6370,22.0567,0.6106,135.9849,80.9367,0.4048,34.2780,40.5338,48.5460,18.9057,116.5585,69.3743,29.3812,2.4010,3.6695,0.5764,1.8377,9.8589,4.7621,0.6883,12.2285,7.8398,1.5982,140.0000,35.0000,1.1667
patient085,RV,85.0550,34.1461,0.5985,194.0137,141.9676,0.2683,58.0291,69.2669,49.8221,20.0015,113.6461,83.1594,33.9913,2.2810,4.1577,0.6498,2.0285,10.3120,5.8365,0.5477,17.1867,9.2227,1.2728,172.0000,61.0000,1.7072
patient086,RV,82.1289,31.8604,0.6121,267.9688,248.2178,0.0737,64.1125,78.3203,45.8518,17.7873,149.6044,138.5776,35.7934,3.2628,7.7908,0.7435,2.4582,11.2673,6.9749,0.4779,22.0971,10.5829,2.2195,165.0000,70.0000,1.7912
patient087,RV,171.9391,92.1632,0.4640,251.9239,187.2927,0.2566,115.2614,149.1072,98.9034,53.0145,144.9126,107.7352,66.3011,1.4652,2.0322,0.6384,1.6179,12.2639,7.5994,0.8385,17.3437,11.9724,1.0497,170.0000,64.0000,1.7385
patient088,RV,147.1568,75.9317,0.4840,168.3838,93.3253,0.4458,102.6612,99.6279,78.6586,40.5872,90.0050,49.8845,54.8747,1.1442,1.2291,0.6644,1.3121,11.9112,7.5817,0.6563,17.7903,9.8008,0.9780,180.0000,70.0000,1.8708
patient089,RV,77.0300,28.6257,0.6284,109.6540,98.5525,0.1012,57.9703,75.2223,34.9276,12.9797,49.7202,44.6864,26.2854,1.4235,3.4428,0.7167,2.6278,14.5833,6.4112,1.4038,15.7067,11.0222,1.2955,170.0000,103.0000,2.2054
patient090,RV,77.5506,42.7613,0.4486,217.7604,130.2608,0.4018,63.0131,63.4882,46.7648,25.7860,131.3145,78.5502,37.9983,2.8080,3.0462,0.7738,1.4847,12.8769,6.5915,0.9331,12.8769,8.7020,0.8254,150.0000,66.0000,1.6583
patient091,RV,126.1719,57.2754,0.5461,191.3086,114.1602,0.4033,59.2676,59.1797,81.6993,37.0872,123.8769,73.9214,38.3772,1.5163,1.9932,0.4474,1.0332,9.3750,5.0220,0.5394,12.8847,7.5620,0.8114,162.0000,53.0000,1.5443
patient092,RV,116.3441,45.2465,0.6111,215.5721,125.7020,0.4169,80.3607,95.9435,64.4535,25.0661,119.4249,69.6377,44.5190,1.8529,2.7782,0.6578,2.1205,13.8758,7.1355,0.6834,16.8269,11.5199,1.2707,170.0000,69.0000,1.8051
patient093,RV,94.5923,39.2041,0.5855,253.6987,100.5225,0.6038,55.8248,58.2422,54.8035,22.7135,146.9843,58.2392,32.3430,2.6820,2.5641,0.5621,1.4856,11.2673,5.6069,0.8415,15.6250,8.7851,1.3034,165.0000,65.0000,1.7260
patient094,RV,51.0934,29.3338,0.4259,92.1777,57.3934,0.3774,36.8060,36.9504,35.6852,20.4876,64.3797,40.0853,25.7064,1.8041,1.9566,0.6861,1.2597,10.0961,5.8615,0.5648,12.1341,7.4312,0.8721,164.0000,45.0000,1.4318
patient095,RV,123.5840,55.1636,0.5536,211.7920,135.5225,0.3601,64.6893,80.2979,66.2163,29.5566,113.4781,72.6129,34.6605,1.7137,2.4567,0.4985,1.4556,11.2673,5.6738,0.6600,15.6250,9.3598,1.3962,165.0000,76.0000,1.8664
patient096,RV,152.2610,74.9059,0.5080,284.0931,217.6815,0.2338,122.8154,115.0558,76.8381,37.8011,143.3668,109.8524,61.9785,1.8658,2.9061,0.7682,1.5360,13.4615,7.8570,1.0857,17.1601,10.0756,1.7278,186.0000,76.0000,1.9816
patient097,RV,124.3810,49.6643,0.6007,208.8367,129.0963,0.3818,98.1872,110.3455,60.2667,24.0640,101.1883,62.5514,47.5750,1.6790,2.5994,0.7518,2.2218,13.2767,7.3115,1.6812,16.7938,10.9691,2.0233,187.0000,82.0000,2.0638
patient098,RV,93.8438,41.1875,0.5611,164.6562,161.5000,0.0192,98.3063,102.1719,61.6188,27.0442,108.1151,106.0426,64.5489,1.7546,3.9211,0.9977,2.4807,12.7475,8.3983,1.8245,17.5000,11.5039,2.4150,167.0000,50.0000,1.5230
patient099,RV,140.4011,74.0590,0.4725,200.3657,136.6384,0.3181,97.2149,92.2349,70.2006,37.0295,100.1829,68.3192,48.6075,1.4271,1.8450,0.6594,1.2454,10.7143,7.2895,0.7173,14.7253,9.4178,1.1898,180.0000,80.0000,2.0000
patient100,RV,71.6933,30.1939,0.5788,185.5092,112.6386,0.3928,72.1330,81.9426,42.1908,17.7688,109.1703,66.2867,42.4496,2.5875,3.7305,0.9582,2.7139,11.7688,7.2876,1.2593,16.6436,10.5695,2.2030,165.0000,63.0000,1.6993
